location,name,freq,weighting,direction,n_stocks,n_stocks_min,date,ret
usa,sale_bev,monthly,vw_cap,1,15,7,1950-11-30,-0.0181702538635248
usa,sale_bev,monthly,vw_cap,1,19,9,1950-12-31,-0.0264871028269449
usa,sale_bev,monthly,vw_cap,1,24,11,1951-01-31,0.0650573899772922
usa,sale_bev,monthly,vw_cap,1,33,16,1951-02-28,0.00503647420566284
usa,sale_bev,monthly,vw_cap,1,45,21,1951-03-31,0.0152315268709519
usa,sale_bev,monthly,vw_cap,1,50,24,1951-04-30,-0.05500332782218
usa,sale_bev,monthly,vw_cap,1,225,110,1951-05-31,0.00249240208518308
usa,sale_bev,monthly,vw_cap,1,235,115,1951-06-30,-0.0180133471019987
usa,sale_bev,monthly,vw_cap,1,241,118,1951-07-31,-0.0173118306084243
usa,sale_bev,monthly,vw_cap,1,246,120,1951-08-31,0.00491581040469419
usa,sale_bev,monthly,vw_cap,1,250,122,1951-09-30,0.00318755834603919
usa,sale_bev,monthly,vw_cap,1,254,124,1951-10-31,-0.00234190749690644
usa,sale_bev,monthly,vw_cap,1,253,124,1951-11-30,-0.00225523888916243
usa,sale_bev,monthly,vw_cap,1,254,124,1951-12-31,-0.015364872808397
usa,sale_bev,monthly,vw_cap,1,255,123,1952-01-31,-0.0096236213317386
usa,sale_bev,monthly,vw_cap,1,254,124,1952-02-29,0.0051631206425119
usa,sale_bev,monthly,vw_cap,1,254,124,1952-03-31,-0.00151996507882601
usa,sale_bev,monthly,vw_cap,1,254,124,1952-04-30,0.0193707762151816
usa,sale_bev,monthly,vw_cap,1,256,124,1952-05-31,0.00555402594583452
usa,sale_bev,monthly,vw_cap,1,255,124,1952-06-30,0.00453615240889199
usa,sale_bev,monthly,vw_cap,1,256,124,1952-07-31,0.000379021956739809
usa,sale_bev,monthly,vw_cap,1,257,124,1952-08-31,0.00757208267725957
usa,sale_bev,monthly,vw_cap,1,258,123,1952-09-30,0.0260069327817073
usa,sale_bev,monthly,vw_cap,1,259,124,1952-10-31,0.00177318313710045
usa,sale_bev,monthly,vw_cap,1,256,123,1952-11-30,0.0102378221412847
usa,sale_bev,monthly,vw_cap,1,258,123,1952-12-31,0.00348083788491598
usa,sale_bev,monthly,vw_cap,1,256,123,1953-01-31,0.0120015227754764
usa,sale_bev,monthly,vw_cap,1,258,125,1953-02-28,-0.000616731961524007
usa,sale_bev,monthly,vw_cap,1,260,126,1953-03-31,-0.0184757889857145
usa,sale_bev,monthly,vw_cap,1,262,129,1953-04-30,0.0129721991271082
usa,sale_bev,monthly,vw_cap,1,263,129,1953-05-31,0.00736989565709473
usa,sale_bev,monthly,vw_cap,1,264,131,1953-06-30,-0.00843234683479142
usa,sale_bev,monthly,vw_cap,1,262,130,1953-07-31,-0.00654520550097912
usa,sale_bev,monthly,vw_cap,1,263,131,1953-08-31,0.00918920072335889
usa,sale_bev,monthly,vw_cap,1,263,131,1953-09-30,0.0165299121165303
usa,sale_bev,monthly,vw_cap,1,262,130,1953-10-31,0.00492871595926138
usa,sale_bev,monthly,vw_cap,1,262,131,1953-11-30,-0.00198456831454982
usa,sale_bev,monthly,vw_cap,1,262,130,1953-12-31,0.0109574565773699
usa,sale_bev,monthly,vw_cap,1,261,129,1954-01-31,-0.019873539526309
usa,sale_bev,monthly,vw_cap,1,262,131,1954-02-28,0.0047601554592998
usa,sale_bev,monthly,vw_cap,1,261,129,1954-03-31,0.0135082330209259
usa,sale_bev,monthly,vw_cap,1,261,129,1954-04-30,-0.00903454487537745
usa,sale_bev,monthly,vw_cap,1,259,129,1954-05-31,-0.00520456402020635
usa,sale_bev,monthly,vw_cap,1,259,129,1954-06-30,0.0310332523597417
usa,sale_bev,monthly,vw_cap,1,260,129,1954-07-31,0.0134227627191011
usa,sale_bev,monthly,vw_cap,1,259,129,1954-08-31,0.00136189590847556
usa,sale_bev,monthly,vw_cap,1,261,129,1954-09-30,-0.0039522972363759
usa,sale_bev,monthly,vw_cap,1,261,128,1954-10-31,0.0178352434012591
usa,sale_bev,monthly,vw_cap,1,260,129,1954-11-30,-0.0153970770246657
usa,sale_bev,monthly,vw_cap,1,259,129,1954-12-31,-0.0238941628965203
usa,sale_bev,monthly,vw_cap,1,260,130,1955-01-31,0.0218769422272649
usa,sale_bev,monthly,vw_cap,1,260,129,1955-02-28,-0.00385033044643318
usa,sale_bev,monthly,vw_cap,1,261,130,1955-03-31,-0.0151572670511146
usa,sale_bev,monthly,vw_cap,1,261,130,1955-04-30,-0.0030565369673204
usa,sale_bev,monthly,vw_cap,1,262,131,1955-05-31,-0.0101851557491503
usa,sale_bev,monthly,vw_cap,1,263,131,1955-06-30,-0.0395098868956324
usa,sale_bev,monthly,vw_cap,1,263,131,1955-07-31,0.00588883570926967
usa,sale_bev,monthly,vw_cap,1,263,131,1955-08-31,-0.0025657690825832
usa,sale_bev,monthly,vw_cap,1,263,131,1955-09-30,-0.0112538222662622
usa,sale_bev,monthly,vw_cap,1,263,131,1955-10-31,0.0147816202860196
usa,sale_bev,monthly,vw_cap,1,263,131,1955-11-30,0.012251977227704
usa,sale_bev,monthly,vw_cap,1,265,132,1955-12-31,-0.00329666596087834
usa,sale_bev,monthly,vw_cap,1,264,131,1956-01-31,-0.0220109777757086
usa,sale_bev,monthly,vw_cap,1,265,132,1956-02-29,0.00526095108261741
usa,sale_bev,monthly,vw_cap,1,267,132,1956-03-31,-0.0315715955809358
usa,sale_bev,monthly,vw_cap,1,265,132,1956-04-30,-0.0287733373571697
usa,sale_bev,monthly,vw_cap,1,270,131,1956-05-31,0.00243269956888204
usa,sale_bev,monthly,vw_cap,1,268,131,1956-06-30,-0.00188335986515658
usa,sale_bev,monthly,vw_cap,1,268,131,1956-07-31,0.00110100057517382
usa,sale_bev,monthly,vw_cap,1,271,133,1956-08-31,0.0270221285988258
usa,sale_bev,monthly,vw_cap,1,271,134,1956-09-30,0.0149662691074274
usa,sale_bev,monthly,vw_cap,1,270,132,1956-10-31,0.016465134586147
usa,sale_bev,monthly,vw_cap,1,270,134,1956-11-30,-0.0105579868889048
usa,sale_bev,monthly,vw_cap,1,268,134,1956-12-31,-0.00360036004448509
usa,sale_bev,monthly,vw_cap,1,271,133,1957-01-31,-0.000598956367837314
usa,sale_bev,monthly,vw_cap,1,271,133,1957-02-28,-0.00226829160980378
usa,sale_bev,monthly,vw_cap,1,272,135,1957-03-31,0.0043264231393778
usa,sale_bev,monthly,vw_cap,1,273,135,1957-04-30,0.00293056083607166
usa,sale_bev,monthly,vw_cap,1,270,135,1957-05-31,-0.00993226158581806
usa,sale_bev,monthly,vw_cap,1,270,134,1957-06-30,0.00792071994581704
usa,sale_bev,monthly,vw_cap,1,271,135,1957-07-31,0.00283057244722119
usa,sale_bev,monthly,vw_cap,1,271,135,1957-08-31,0.0173557577916602
usa,sale_bev,monthly,vw_cap,1,272,136,1957-09-30,0.0264255841784825
usa,sale_bev,monthly,vw_cap,1,271,135,1957-10-31,0.00813317974184029
usa,sale_bev,monthly,vw_cap,1,271,134,1957-11-30,0.0187932981522741
usa,sale_bev,monthly,vw_cap,1,271,135,1957-12-31,0.0201918467275472
usa,sale_bev,monthly,vw_cap,1,269,134,1958-01-31,-0.0128491447625493
usa,sale_bev,monthly,vw_cap,1,270,135,1958-02-28,0.0205609259834578
usa,sale_bev,monthly,vw_cap,1,270,134,1958-03-31,-0.0085126747025946
usa,sale_bev,monthly,vw_cap,1,269,132,1958-04-30,0.0146633302964931
usa,sale_bev,monthly,vw_cap,1,270,132,1958-05-31,-0.00383552549649629
usa,sale_bev,monthly,vw_cap,1,269,132,1958-06-30,-0.00133664517579261
usa,sale_bev,monthly,vw_cap,1,271,135,1958-07-31,-0.0141208694956841
usa,sale_bev,monthly,vw_cap,1,270,133,1958-08-31,0.00742044723680879
usa,sale_bev,monthly,vw_cap,1,271,134,1958-09-30,0.00716097619299717
usa,sale_bev,monthly,vw_cap,1,271,132,1958-10-31,0.013185214155785
usa,sale_bev,monthly,vw_cap,1,273,135,1958-11-30,0.0235257558327574
usa,sale_bev,monthly,vw_cap,1,272,135,1958-12-31,0.00809602152191412
usa,sale_bev,monthly,vw_cap,1,272,134,1959-01-31,-0.00291993323093977
usa,sale_bev,monthly,vw_cap,1,272,134,1959-02-28,0.0241465029213231
usa,sale_bev,monthly,vw_cap,1,270,134,1959-03-31,0.0129465271067851
usa,sale_bev,monthly,vw_cap,1,271,134,1959-04-30,0.0332107422944324
usa,sale_bev,monthly,vw_cap,1,274,135,1959-05-31,0.00587914186761156
usa,sale_bev,monthly,vw_cap,1,275,136,1959-06-30,0.00668519140899445
usa,sale_bev,monthly,vw_cap,1,276,136,1959-07-31,0.00165311695917812
usa,sale_bev,monthly,vw_cap,1,273,136,1959-08-31,0.000637977412861205
usa,sale_bev,monthly,vw_cap,1,276,135,1959-09-30,0.000925088337033676
usa,sale_bev,monthly,vw_cap,1,276,136,1959-10-31,0.0366047915141905
usa,sale_bev,monthly,vw_cap,1,276,138,1959-11-30,0.0331109361377062
usa,sale_bev,monthly,vw_cap,1,276,138,1959-12-31,-0.00863072628056101
usa,sale_bev,monthly,vw_cap,1,277,138,1960-01-31,0.00655382075007423
usa,sale_bev,monthly,vw_cap,1,277,137,1960-02-29,0.0325667645556508
usa,sale_bev,monthly,vw_cap,1,278,137,1960-03-31,-0.00669399165091007
usa,sale_bev,monthly,vw_cap,1,276,136,1960-04-30,0.0167265747625356
usa,sale_bev,monthly,vw_cap,1,280,137,1960-05-31,0.0383352670279148
usa,sale_bev,monthly,vw_cap,1,279,137,1960-06-30,-0.000873632660872807
usa,sale_bev,monthly,vw_cap,1,280,137,1960-07-31,0.00486832563124485
usa,sale_bev,monthly,vw_cap,1,282,139,1960-08-31,0.00367853717687749
usa,sale_bev,monthly,vw_cap,1,282,139,1960-09-30,-0.0235726146788971
usa,sale_bev,monthly,vw_cap,1,281,138,1960-10-31,-0.00338521348062886
usa,sale_bev,monthly,vw_cap,1,282,137,1960-11-30,0.0112001213297146
usa,sale_bev,monthly,vw_cap,1,284,138,1960-12-31,-0.0204177996400888
usa,sale_bev,monthly,vw_cap,1,290,140,1961-01-31,-0.00638217414448845
usa,sale_bev,monthly,vw_cap,1,289,141,1961-02-28,0.00322714383833923
usa,sale_bev,monthly,vw_cap,1,291,141,1961-03-31,0.0248234648817842
usa,sale_bev,monthly,vw_cap,1,292,140,1961-04-30,-0.00869361762509394
usa,sale_bev,monthly,vw_cap,1,319,155,1961-05-31,-0.00296977085644947
usa,sale_bev,monthly,vw_cap,1,320,155,1961-06-30,0.0148668790640581
usa,sale_bev,monthly,vw_cap,1,318,153,1961-07-31,0.0135740818649326
usa,sale_bev,monthly,vw_cap,1,320,153,1961-08-31,0.0197750548241941
usa,sale_bev,monthly,vw_cap,1,319,153,1961-09-30,0.0247562807926816
usa,sale_bev,monthly,vw_cap,1,322,155,1961-10-31,0.0223839898634179
usa,sale_bev,monthly,vw_cap,1,326,159,1961-11-30,0.00899533634346729
usa,sale_bev,monthly,vw_cap,1,327,159,1961-12-31,-0.0151069676917387
usa,sale_bev,monthly,vw_cap,1,328,161,1962-01-31,-0.0043769149533585
usa,sale_bev,monthly,vw_cap,1,452,218,1962-02-28,-0.0136146909098786
usa,sale_bev,monthly,vw_cap,1,471,227,1962-03-31,0.00757815582091525
usa,sale_bev,monthly,vw_cap,1,476,227,1962-04-30,-0.00387253902861312
usa,sale_bev,monthly,vw_cap,1,554,254,1962-05-31,-0.00913477794224515
usa,sale_bev,monthly,vw_cap,1,557,251,1962-06-30,-0.0218116368065061
usa,sale_bev,monthly,vw_cap,1,553,253,1962-07-31,0.00944084306674
usa,sale_bev,monthly,vw_cap,1,680,288,1962-08-31,-0.00112202866927561
usa,sale_bev,monthly,vw_cap,1,685,286,1962-09-30,-0.0183567474479713
usa,sale_bev,monthly,vw_cap,1,686,287,1962-10-31,-0.00900517668201945
usa,sale_bev,monthly,vw_cap,1,691,289,1962-11-30,0.0252903310048221
usa,sale_bev,monthly,vw_cap,1,687,288,1962-12-31,-0.012530567688424
usa,sale_bev,monthly,vw_cap,1,703,290,1963-01-31,0.00139864418544727
usa,sale_bev,monthly,vw_cap,1,711,292,1963-02-28,-0.000637239697823439
usa,sale_bev,monthly,vw_cap,1,712,291,1963-03-31,-0.0142617212647458
usa,sale_bev,monthly,vw_cap,1,715,291,1963-04-30,0.00895407830153107
usa,sale_bev,monthly,vw_cap,1,734,300,1963-05-31,0.00212546506793248
usa,sale_bev,monthly,vw_cap,1,734,303,1963-06-30,0.00422510809873852
usa,sale_bev,monthly,vw_cap,1,742,304,1963-07-31,-0.011634578453989
usa,sale_bev,monthly,vw_cap,1,744,302,1963-08-31,0.0109897457197773
usa,sale_bev,monthly,vw_cap,1,748,308,1963-09-30,0.00251258715933307
usa,sale_bev,monthly,vw_cap,1,745,307,1963-10-31,0.0189027894110812
usa,sale_bev,monthly,vw_cap,1,746,310,1963-11-30,0.002045012365058
usa,sale_bev,monthly,vw_cap,1,750,305,1963-12-31,-0.025571375169775
usa,sale_bev,monthly,vw_cap,1,757,311,1964-01-31,-0.00559511472665774
usa,sale_bev,monthly,vw_cap,1,770,317,1964-02-29,0.0103792958498693
usa,sale_bev,monthly,vw_cap,1,766,314,1964-03-31,0.000259738957045657
usa,sale_bev,monthly,vw_cap,1,771,312,1964-04-30,-0.0166992838701222
usa,sale_bev,monthly,vw_cap,1,764,308,1964-05-31,0.00235369120838105
usa,sale_bev,monthly,vw_cap,1,765,307,1964-06-30,0.00716845112527484
usa,sale_bev,monthly,vw_cap,1,767,309,1964-07-31,-0.0149376935016847
usa,sale_bev,monthly,vw_cap,1,770,307,1964-08-31,-0.000171782422559129
usa,sale_bev,monthly,vw_cap,1,770,306,1964-09-30,0.0123214729121016
usa,sale_bev,monthly,vw_cap,1,775,308,1964-10-31,0.00614153683664052
usa,sale_bev,monthly,vw_cap,1,782,312,1964-11-30,0.00595158928839806
usa,sale_bev,monthly,vw_cap,1,783,312,1964-12-31,0.00997433014000559
usa,sale_bev,monthly,vw_cap,1,788,313,1965-01-31,0.0090372356177509
usa,sale_bev,monthly,vw_cap,1,821,329,1965-02-28,0.0193295992291335
usa,sale_bev,monthly,vw_cap,1,834,335,1965-03-31,0.00961045600835902
usa,sale_bev,monthly,vw_cap,1,835,335,1965-04-30,0.0203206818456292
usa,sale_bev,monthly,vw_cap,1,860,346,1965-05-31,0.00944597494913502
usa,sale_bev,monthly,vw_cap,1,870,353,1965-06-30,-0.0273499203090141
usa,sale_bev,monthly,vw_cap,1,879,353,1965-07-31,0.0147533369828055
usa,sale_bev,monthly,vw_cap,1,878,356,1965-08-31,0.0228555632307905
usa,sale_bev,monthly,vw_cap,1,883,357,1965-09-30,0.0231358565358844
usa,sale_bev,monthly,vw_cap,1,890,359,1965-10-31,0.0161964929311671
usa,sale_bev,monthly,vw_cap,1,897,360,1965-11-30,0.0433703544867671
usa,sale_bev,monthly,vw_cap,1,904,366,1965-12-31,0.00661513503399193
usa,sale_bev,monthly,vw_cap,1,912,367,1966-01-31,0.0300431152925214
usa,sale_bev,monthly,vw_cap,1,1048,406,1966-02-28,0.0271051715819101
usa,sale_bev,monthly,vw_cap,1,1045,405,1966-03-31,0.00128552405568012
usa,sale_bev,monthly,vw_cap,1,1043,405,1966-04-30,0.0229780888319967
usa,sale_bev,monthly,vw_cap,1,1103,420,1966-05-31,-0.0274837373722782
usa,sale_bev,monthly,vw_cap,1,1120,427,1966-06-30,0.0120677272123441
usa,sale_bev,monthly,vw_cap,1,1122,425,1966-07-31,-0.0048277767576613
usa,sale_bev,monthly,vw_cap,1,1128,425,1966-08-31,0.00314391494639732
usa,sale_bev,monthly,vw_cap,1,1136,425,1966-09-30,-0.033129536138479
usa,sale_bev,monthly,vw_cap,1,1150,429,1966-10-31,-0.0614788841228502
usa,sale_bev,monthly,vw_cap,1,1148,429,1966-11-30,0.0484266019846776
usa,sale_bev,monthly,vw_cap,1,1148,427,1966-12-31,-0.0170950409140125
usa,sale_bev,monthly,vw_cap,1,1148,427,1967-01-31,0.042304066862597
usa,sale_bev,monthly,vw_cap,1,1163,428,1967-02-28,0.0329123526212686
usa,sale_bev,monthly,vw_cap,1,1167,433,1967-03-31,0.02530432024849
usa,sale_bev,monthly,vw_cap,1,1162,430,1967-04-30,0.0269900521889229
usa,sale_bev,monthly,vw_cap,1,1192,449,1967-05-31,0.0200337934189966
usa,sale_bev,monthly,vw_cap,1,1199,454,1967-06-30,0.0503344625883044
usa,sale_bev,monthly,vw_cap,1,1206,454,1967-07-31,0.0101836519381052
usa,sale_bev,monthly,vw_cap,1,1217,463,1967-08-31,-0.00202937597314802
usa,sale_bev,monthly,vw_cap,1,1211,458,1967-09-30,0.0318220569443572
usa,sale_bev,monthly,vw_cap,1,1211,465,1967-10-31,0.0224430040110938
usa,sale_bev,monthly,vw_cap,1,1214,471,1967-11-30,0.00606492149048462
usa,sale_bev,monthly,vw_cap,1,1215,472,1967-12-31,0.0026253421374164
usa,sale_bev,monthly,vw_cap,1,1224,477,1968-01-31,-0.0233679482965652
usa,sale_bev,monthly,vw_cap,1,1358,504,1968-02-29,-0.0168351431182359
usa,sale_bev,monthly,vw_cap,1,1359,496,1968-03-31,0.0211854457107434
usa,sale_bev,monthly,vw_cap,1,1360,500,1968-04-30,0.0559151203513552
usa,sale_bev,monthly,vw_cap,1,1380,504,1968-05-31,0.0275011183699879
usa,sale_bev,monthly,vw_cap,1,1387,507,1968-06-30,-0.0386092301367212
usa,sale_bev,monthly,vw_cap,1,1390,511,1968-07-31,-0.0374813511991898
usa,sale_bev,monthly,vw_cap,1,1388,508,1968-08-31,0.0116148855296879
usa,sale_bev,monthly,vw_cap,1,1397,511,1968-09-30,0.0177953626915447
usa,sale_bev,monthly,vw_cap,1,1393,516,1968-10-31,0.00169738803516975
usa,sale_bev,monthly,vw_cap,1,1408,518,1968-11-30,-0.00981327959818149
usa,sale_bev,monthly,vw_cap,1,1416,521,1968-12-31,0.00655100738366013
usa,sale_bev,monthly,vw_cap,1,1430,521,1969-01-31,-0.0267386333946018
usa,sale_bev,monthly,vw_cap,1,1436,522,1969-02-28,0.0026344507366737
usa,sale_bev,monthly,vw_cap,1,1450,527,1969-03-31,0.01196213953574
usa,sale_bev,monthly,vw_cap,1,1433,527,1969-04-30,0.00891179529880003
usa,sale_bev,monthly,vw_cap,1,1449,536,1969-05-31,0.00437189978751977
usa,sale_bev,monthly,vw_cap,1,1452,546,1969-06-30,0.00650217560414088
usa,sale_bev,monthly,vw_cap,1,1463,556,1969-07-31,-0.0137178978074754
usa,sale_bev,monthly,vw_cap,1,1448,544,1969-08-31,0.0343728376332497
usa,sale_bev,monthly,vw_cap,1,1460,551,1969-09-30,0.0367394400038018
usa,sale_bev,monthly,vw_cap,1,1470,563,1969-10-31,0.00808565017415054
usa,sale_bev,monthly,vw_cap,1,1479,571,1969-11-30,0.0115525402698422
usa,sale_bev,monthly,vw_cap,1,1494,580,1969-12-31,0.00362684026192659
usa,sale_bev,monthly,vw_cap,1,1496,579,1970-01-31,0.00204486032891672
usa,sale_bev,monthly,vw_cap,1,1510,591,1970-02-28,-0.0349770249234294
usa,sale_bev,monthly,vw_cap,1,1516,590,1970-03-31,-0.0220514558512986
usa,sale_bev,monthly,vw_cap,1,1524,586,1970-04-30,-0.0349492038017637
usa,sale_bev,monthly,vw_cap,1,1602,598,1970-05-31,-0.0268258779928711
usa,sale_bev,monthly,vw_cap,1,1608,604,1970-06-30,0.00962960327735089
usa,sale_bev,monthly,vw_cap,1,1595,593,1970-07-31,-0.0151132016686161
usa,sale_bev,monthly,vw_cap,1,1562,591,1970-08-31,-0.00396179702667104
usa,sale_bev,monthly,vw_cap,1,1574,592,1970-09-30,0.0363583387275637
usa,sale_bev,monthly,vw_cap,1,1608,607,1970-10-31,0.00354789814571031
usa,sale_bev,monthly,vw_cap,1,1610,615,1970-11-30,-0.0151314082318164
usa,sale_bev,monthly,vw_cap,1,1619,619,1970-12-31,0.0132569432250915
usa,sale_bev,monthly,vw_cap,1,1613,619,1971-01-31,0.0131170123243519
usa,sale_bev,monthly,vw_cap,1,1646,620,1971-02-28,0.0373259666363613
usa,sale_bev,monthly,vw_cap,1,1648,625,1971-03-31,0.0148770297715709
usa,sale_bev,monthly,vw_cap,1,1627,631,1971-04-30,0.0292541774648485
usa,sale_bev,monthly,vw_cap,1,1669,630,1971-05-31,0.00824749131802374
usa,sale_bev,monthly,vw_cap,1,1679,638,1971-06-30,0.00355201834827751
usa,sale_bev,monthly,vw_cap,1,1669,643,1971-07-31,-0.000789699404055891
usa,sale_bev,monthly,vw_cap,1,1705,659,1971-08-31,0.020664269947952
usa,sale_bev,monthly,vw_cap,1,1698,668,1971-09-30,0.033237215856104
usa,sale_bev,monthly,vw_cap,1,1702,671,1971-10-31,-0.00545134660746902
usa,sale_bev,monthly,vw_cap,1,1710,677,1971-11-30,0.0101175271647297
usa,sale_bev,monthly,vw_cap,1,1720,687,1971-12-31,0.00621910112373048
usa,sale_bev,monthly,vw_cap,1,1732,699,1972-01-31,0.0189703324666703
usa,sale_bev,monthly,vw_cap,1,1732,703,1972-02-29,0.0295213553799968
usa,sale_bev,monthly,vw_cap,1,1751,707,1972-03-31,0.0110607680887996
usa,sale_bev,monthly,vw_cap,1,1752,722,1972-04-30,0.00739063178848939
usa,sale_bev,monthly,vw_cap,1,1833,759,1972-05-31,0.00937302623251519
usa,sale_bev,monthly,vw_cap,1,1842,757,1972-06-30,0.0020853825577965
usa,sale_bev,monthly,vw_cap,1,1857,770,1972-07-31,-0.00712363972937399
usa,sale_bev,monthly,vw_cap,1,1867,760,1972-08-31,-0.0460632900376994
usa,sale_bev,monthly,vw_cap,1,1863,743,1972-09-30,-0.00332588948470615
usa,sale_bev,monthly,vw_cap,1,1865,747,1972-10-31,-0.0314643224572726
usa,sale_bev,monthly,vw_cap,1,1877,749,1972-11-30,-0.00579281410699215
usa,sale_bev,monthly,vw_cap,1,1873,744,1972-12-31,0.0114427785742611
usa,sale_bev,monthly,vw_cap,1,2321,891,1973-01-31,-0.0213259691523732
usa,sale_bev,monthly,vw_cap,1,2320,882,1973-02-28,-0.0296195749156249
usa,sale_bev,monthly,vw_cap,1,2312,870,1973-03-31,-0.0244859370150313
usa,sale_bev,monthly,vw_cap,1,2315,874,1973-04-30,-0.035590249470264
usa,sale_bev,monthly,vw_cap,1,2380,881,1973-05-31,-0.0130148365663243
usa,sale_bev,monthly,vw_cap,1,2363,860,1973-06-30,-0.0306072981666399
usa,sale_bev,monthly,vw_cap,1,2366,854,1973-07-31,0.0605421840246779
usa,sale_bev,monthly,vw_cap,1,2386,856,1973-08-31,-0.00662678263939172
usa,sale_bev,monthly,vw_cap,1,2378,855,1973-09-30,-0.0012111844017241
usa,sale_bev,monthly,vw_cap,1,2370,855,1973-10-31,-0.0344997010033111
usa,sale_bev,monthly,vw_cap,1,2360,844,1973-11-30,-0.0722735613070315
usa,sale_bev,monthly,vw_cap,1,2361,826,1973-12-31,-0.0565909082449753
usa,sale_bev,monthly,vw_cap,1,2362,823,1974-01-31,0.0250519785596308
usa,sale_bev,monthly,vw_cap,1,2386,829,1974-02-28,0.00319925652902835
usa,sale_bev,monthly,vw_cap,1,2382,827,1974-03-31,0.0305639323281701
usa,sale_bev,monthly,vw_cap,1,2382,842,1974-04-30,0.0407755564306007
usa,sale_bev,monthly,vw_cap,1,2412,894,1974-05-31,0.0349731630030903
usa,sale_bev,monthly,vw_cap,1,2414,894,1974-06-30,0.0114242482363504
usa,sale_bev,monthly,vw_cap,1,2424,906,1974-07-31,-0.0484700724402392
usa,sale_bev,monthly,vw_cap,1,2488,897,1974-08-31,-0.0206162678145574
usa,sale_bev,monthly,vw_cap,1,2470,885,1974-09-30,-0.0323468011896929
usa,sale_bev,monthly,vw_cap,1,2471,886,1974-10-31,-0.0240861502813496
usa,sale_bev,monthly,vw_cap,1,2452,888,1974-11-30,-0.0200208312693331
usa,sale_bev,monthly,vw_cap,1,2449,898,1974-12-31,-0.0102695794625556
usa,sale_bev,monthly,vw_cap,1,2446,892,1975-01-31,0.0500579055200632
usa,sale_bev,monthly,vw_cap,1,2480,918,1975-02-28,0.0177936414181447
usa,sale_bev,monthly,vw_cap,1,2491,918,1975-03-31,0.0606562755057199
usa,sale_bev,monthly,vw_cap,1,2511,928,1975-04-30,0.031649031479807
usa,sale_bev,monthly,vw_cap,1,2557,980,1975-05-31,-0.00931120831766547
usa,sale_bev,monthly,vw_cap,1,2564,987,1975-06-30,-0.00576705986701391
usa,sale_bev,monthly,vw_cap,1,2546,980,1975-07-31,0.011083663662831
usa,sale_bev,monthly,vw_cap,1,2581,996,1975-08-31,0.00312712451035324
usa,sale_bev,monthly,vw_cap,1,2577,994,1975-09-30,0.0085237513447103
usa,sale_bev,monthly,vw_cap,1,2588,1005,1975-10-31,0.0167660555433347
usa,sale_bev,monthly,vw_cap,1,2556,997,1975-11-30,0.00733902027826133
usa,sale_bev,monthly,vw_cap,1,2541,1002,1975-12-31,-0.0138524792268722
usa,sale_bev,monthly,vw_cap,1,2496,989,1976-01-31,0.00666781176836398
usa,sale_bev,monthly,vw_cap,1,2511,987,1976-02-29,0.0209319457757471
usa,sale_bev,monthly,vw_cap,1,2538,983,1976-03-31,0.00148363926870863
usa,sale_bev,monthly,vw_cap,1,2545,986,1976-04-30,-0.00364623335657095
usa,sale_bev,monthly,vw_cap,1,2574,1006,1976-05-31,-0.0101590629604837
usa,sale_bev,monthly,vw_cap,1,2572,1004,1976-06-30,0.00219250646917924
usa,sale_bev,monthly,vw_cap,1,2591,1003,1976-07-31,-0.00995878325472472
usa,sale_bev,monthly,vw_cap,1,2448,991,1976-08-31,-0.0128927771378914
usa,sale_bev,monthly,vw_cap,1,2452,981,1976-09-30,-0.0125448809117621
usa,sale_bev,monthly,vw_cap,1,2594,1025,1976-10-31,-0.0085098554320034
usa,sale_bev,monthly,vw_cap,1,2588,1016,1976-11-30,0.00684805758283563
usa,sale_bev,monthly,vw_cap,1,2606,1019,1976-12-31,-0.00329867315545292
usa,sale_bev,monthly,vw_cap,1,2579,1006,1977-01-31,-0.025303744079438
usa,sale_bev,monthly,vw_cap,1,2553,994,1977-02-28,0.0112787030629708
usa,sale_bev,monthly,vw_cap,1,2589,993,1977-03-31,-0.00172274790396587
usa,sale_bev,monthly,vw_cap,1,2586,991,1977-04-30,-0.00658421091567621
usa,sale_bev,monthly,vw_cap,1,2579,980,1977-05-31,-0.00322384069065821
usa,sale_bev,monthly,vw_cap,1,2589,978,1977-06-30,-0.0028742619994787
usa,sale_bev,monthly,vw_cap,1,2566,961,1977-07-31,0.00294813960832055
usa,sale_bev,monthly,vw_cap,1,2566,960,1977-08-31,0.0142713815439552
usa,sale_bev,monthly,vw_cap,1,2557,954,1977-09-30,-0.00655431898456357
usa,sale_bev,monthly,vw_cap,1,2552,961,1977-10-31,0.00524304820047824
usa,sale_bev,monthly,vw_cap,1,2540,955,1977-11-30,0.00587760193136593
usa,sale_bev,monthly,vw_cap,1,2552,971,1977-12-31,-0.00742614117965408
usa,sale_bev,monthly,vw_cap,1,2541,961,1978-01-31,-0.00690506170905556
usa,sale_bev,monthly,vw_cap,1,2595,997,1978-02-28,0.0159482934395569
usa,sale_bev,monthly,vw_cap,1,2583,996,1978-03-31,0.0126469638470513
usa,sale_bev,monthly,vw_cap,1,2578,992,1978-04-30,0.040695574619345
usa,sale_bev,monthly,vw_cap,1,2617,1001,1978-05-31,0.0186730423741549
usa,sale_bev,monthly,vw_cap,1,2606,1008,1978-06-30,-0.000694393312070779
usa,sale_bev,monthly,vw_cap,1,2578,1008,1978-07-31,0.00932627102181052
usa,sale_bev,monthly,vw_cap,1,2613,1004,1978-08-31,0.020354254326409
usa,sale_bev,monthly,vw_cap,1,2601,1003,1978-09-30,-0.0232647206613602
usa,sale_bev,monthly,vw_cap,1,2614,1008,1978-10-31,-0.025015501480581
usa,sale_bev,monthly,vw_cap,1,2584,974,1978-11-30,-0.00825226816493362
usa,sale_bev,monthly,vw_cap,1,2578,982,1978-12-31,0.00295231908397972
usa,sale_bev,monthly,vw_cap,1,2584,992,1979-01-31,-0.00165086634279368
usa,sale_bev,monthly,vw_cap,1,2677,1054,1979-02-28,-0.0250360548520626
usa,sale_bev,monthly,vw_cap,1,2673,1042,1979-03-31,-0.00419204294096841
usa,sale_bev,monthly,vw_cap,1,2682,1041,1979-04-30,0.00823754812050198
usa,sale_bev,monthly,vw_cap,1,2741,1057,1979-05-31,-0.0165868053142839
usa,sale_bev,monthly,vw_cap,1,2716,1062,1979-06-30,-0.0273428631601008
usa,sale_bev,monthly,vw_cap,1,2728,1031,1979-07-31,0.0129225262923825
usa,sale_bev,monthly,vw_cap,1,2724,1067,1979-08-31,0.0140497695889311
usa,sale_bev,monthly,vw_cap,1,2706,1060,1979-09-30,-0.00417613470704154
usa,sale_bev,monthly,vw_cap,1,2713,1058,1979-10-31,-0.0066824902151766
usa,sale_bev,monthly,vw_cap,1,2711,1055,1979-11-30,-0.0264878905365124
usa,sale_bev,monthly,vw_cap,1,2722,1036,1979-12-31,-0.00366509452197403
usa,sale_bev,monthly,vw_cap,1,2697,1029,1980-01-31,0.00414251919594243
usa,sale_bev,monthly,vw_cap,1,2653,1039,1980-02-29,-0.0359812775124959
usa,sale_bev,monthly,vw_cap,1,2671,1032,1980-03-31,0.0147949044361163
usa,sale_bev,monthly,vw_cap,1,2647,1055,1980-04-30,-0.0462171486902496
usa,sale_bev,monthly,vw_cap,1,2667,1070,1980-05-31,0.0049368182489771
usa,sale_bev,monthly,vw_cap,1,2652,1060,1980-06-30,-0.0181063165888647
usa,sale_bev,monthly,vw_cap,1,2678,1059,1980-07-31,0.03837987636164
usa,sale_bev,monthly,vw_cap,1,2709,1093,1980-08-31,0.00718251804281115
usa,sale_bev,monthly,vw_cap,1,2696,1091,1980-09-30,0.00338464686267474
usa,sale_bev,monthly,vw_cap,1,2700,1095,1980-10-31,0.000497741074287827
usa,sale_bev,monthly,vw_cap,1,2707,1097,1980-11-30,-0.0192972271586463
usa,sale_bev,monthly,vw_cap,1,2714,1103,1980-12-31,0.00367597315291922
usa,sale_bev,monthly,vw_cap,1,2742,1118,1981-01-31,0.0124231364861712
usa,sale_bev,monthly,vw_cap,1,2778,1135,1981-02-28,0.0151586722465488
usa,sale_bev,monthly,vw_cap,1,2759,1137,1981-03-31,0.000732060439823275
usa,sale_bev,monthly,vw_cap,1,2764,1147,1981-04-30,0.0362728349459495
usa,sale_bev,monthly,vw_cap,1,2837,1205,1981-05-31,0.0111863798642063
usa,sale_bev,monthly,vw_cap,1,2858,1214,1981-06-30,-0.00948770547161795
usa,sale_bev,monthly,vw_cap,1,2875,1228,1981-07-31,-0.0203596538981101
usa,sale_bev,monthly,vw_cap,1,2895,1254,1981-08-31,-0.00514831815169216
usa,sale_bev,monthly,vw_cap,1,2889,1250,1981-09-30,0.0199591629266799
usa,sale_bev,monthly,vw_cap,1,2867,1262,1981-10-31,-0.00108072640948436
usa,sale_bev,monthly,vw_cap,1,2919,1329,1981-11-30,-0.0197013145796858
usa,sale_bev,monthly,vw_cap,1,2942,1347,1981-12-31,0.0170395769851233
usa,sale_bev,monthly,vw_cap,1,2943,1369,1982-01-31,0.0150667724933458
usa,sale_bev,monthly,vw_cap,1,2936,1372,1982-02-28,0.0138492542521588
usa,sale_bev,monthly,vw_cap,1,2958,1383,1982-03-31,0.0190174212274641
usa,sale_bev,monthly,vw_cap,1,2937,1374,1982-04-30,0.00852380071281238
usa,sale_bev,monthly,vw_cap,1,2997,1430,1982-05-31,0.00444607196075855
usa,sale_bev,monthly,vw_cap,1,2994,1429,1982-06-30,0.0411730277936414
usa,sale_bev,monthly,vw_cap,1,2999,1435,1982-07-31,0.0238492418612252
usa,sale_bev,monthly,vw_cap,1,3044,1513,1982-08-31,-0.0162044295042492
usa,sale_bev,monthly,vw_cap,1,3063,1516,1982-09-30,0.0354302994466442
usa,sale_bev,monthly,vw_cap,1,3039,1511,1982-10-31,0.0169387683766257
usa,sale_bev,monthly,vw_cap,1,3038,1501,1982-11-30,0.0361734219041685
usa,sale_bev,monthly,vw_cap,1,3067,1525,1982-12-31,-0.0146893218323684
usa,sale_bev,monthly,vw_cap,1,3055,1523,1983-01-31,-0.00790611257644911
usa,sale_bev,monthly,vw_cap,1,3080,1539,1983-02-28,0.021004283756826
usa,sale_bev,monthly,vw_cap,1,3093,1522,1983-03-31,0.0272133926332379
usa,sale_bev,monthly,vw_cap,1,3104,1518,1983-04-30,0.0102058911720506
usa,sale_bev,monthly,vw_cap,1,3157,1539,1983-05-31,-0.0108787077816898
usa,sale_bev,monthly,vw_cap,1,3148,1533,1983-06-30,0.0310668642933906
usa,sale_bev,monthly,vw_cap,1,3163,1548,1983-07-31,-0.0190373329589876
usa,sale_bev,monthly,vw_cap,1,3224,1574,1983-08-31,-0.0279696499442355
usa,sale_bev,monthly,vw_cap,1,3255,1593,1983-09-30,0.0230216871684828
usa,sale_bev,monthly,vw_cap,1,3283,1606,1983-10-31,0.00727081049022876
usa,sale_bev,monthly,vw_cap,1,3311,1613,1983-11-30,0.0128179516277132
usa,sale_bev,monthly,vw_cap,1,3322,1607,1983-12-31,-0.00341057702651199
usa,sale_bev,monthly,vw_cap,1,3330,1627,1984-01-31,-0.0279790472824522
usa,sale_bev,monthly,vw_cap,1,3363,1651,1984-02-29,-0.0106565244254011
usa,sale_bev,monthly,vw_cap,1,3361,1661,1984-03-31,0.00337300257554465
usa,sale_bev,monthly,vw_cap,1,3356,1666,1984-04-30,0.0202435905923804
usa,sale_bev,monthly,vw_cap,1,3486,1713,1984-05-31,0.00396987389364697
usa,sale_bev,monthly,vw_cap,1,3475,1728,1984-06-30,0.0445580908387941
usa,sale_bev,monthly,vw_cap,1,3484,1713,1984-07-31,0.019257372053477
usa,sale_bev,monthly,vw_cap,1,3508,1678,1984-08-31,-0.00242152584405159
usa,sale_bev,monthly,vw_cap,1,3497,1673,1984-09-30,-0.00351911947450202
usa,sale_bev,monthly,vw_cap,1,3458,1680,1984-10-31,0.00799586694607121
usa,sale_bev,monthly,vw_cap,1,3475,1646,1984-11-30,-0.011581869836426
usa,sale_bev,monthly,vw_cap,1,3484,1659,1984-12-31,0.0103399975613196
usa,sale_bev,monthly,vw_cap,1,3480,1655,1985-01-31,0.0146434337840152
usa,sale_bev,monthly,vw_cap,1,3463,1617,1985-02-28,0.0149069910354503
usa,sale_bev,monthly,vw_cap,1,3428,1609,1985-03-31,-0.0185746587099918
usa,sale_bev,monthly,vw_cap,1,3383,1586,1985-04-30,-0.00359990804516638
usa,sale_bev,monthly,vw_cap,1,3440,1635,1985-05-31,0.0278130733197203
usa,sale_bev,monthly,vw_cap,1,3414,1607,1985-06-30,0.000120102608364928
usa,sale_bev,monthly,vw_cap,1,3425,1625,1985-07-31,0.0052905999072142
usa,sale_bev,monthly,vw_cap,1,3477,1644,1985-08-31,-0.00373209332659544
usa,sale_bev,monthly,vw_cap,1,3451,1600,1985-09-30,0.0205567106151591
usa,sale_bev,monthly,vw_cap,1,3451,1608,1985-10-31,0.00920370853717959
usa,sale_bev,monthly,vw_cap,1,3442,1610,1985-11-30,0.0128865238382514
usa,sale_bev,monthly,vw_cap,1,3464,1629,1985-12-31,0.00620561165057834
usa,sale_bev,monthly,vw_cap,1,3435,1614,1986-01-31,-0.00152548880117002
usa,sale_bev,monthly,vw_cap,1,3397,1592,1986-02-28,0.0160811346152876
usa,sale_bev,monthly,vw_cap,1,3395,1579,1986-03-31,0.0163687239389252
usa,sale_bev,monthly,vw_cap,1,3368,1580,1986-04-30,0.020048328376015
usa,sale_bev,monthly,vw_cap,1,3431,1615,1986-05-31,0.0255742268408231
usa,sale_bev,monthly,vw_cap,1,3407,1592,1986-06-30,0.00312915465789101
usa,sale_bev,monthly,vw_cap,1,3424,1633,1986-07-31,-0.0371077480522491
usa,sale_bev,monthly,vw_cap,1,3487,1693,1986-08-31,-0.0337262440188593
usa,sale_bev,monthly,vw_cap,1,3486,1727,1986-09-30,-0.0101647607463385
usa,sale_bev,monthly,vw_cap,1,3505,1732,1986-10-31,0.0099098784131943
usa,sale_bev,monthly,vw_cap,1,3527,1756,1986-11-30,0.0169475027201239
usa,sale_bev,monthly,vw_cap,1,3518,1728,1986-12-31,-0.00299590001879864
usa,sale_bev,monthly,vw_cap,1,3509,1724,1987-01-31,0.00725294263934673
usa,sale_bev,monthly,vw_cap,1,3506,1721,1987-02-28,0.0304838186273224
usa,sale_bev,monthly,vw_cap,1,3538,1736,1987-03-31,-0.00706043378291204
usa,sale_bev,monthly,vw_cap,1,3557,1766,1987-04-30,0.00564822360337979
usa,sale_bev,monthly,vw_cap,1,3643,1820,1987-05-31,0.0113629900481614
usa,sale_bev,monthly,vw_cap,1,3647,1818,1987-06-30,0.00418152920062485
usa,sale_bev,monthly,vw_cap,1,3668,1816,1987-07-31,0.00538412914737116
usa,sale_bev,monthly,vw_cap,1,3704,1834,1987-08-31,0.0144376655855468
usa,sale_bev,monthly,vw_cap,1,3712,1853,1987-09-30,-0.0089278588433113
usa,sale_bev,monthly,vw_cap,1,3713,1848,1987-10-31,-0.0432655751495667
usa,sale_bev,monthly,vw_cap,1,3732,1861,1987-11-30,-0.0327823750745605
usa,sale_bev,monthly,vw_cap,1,3700,1829,1987-12-31,0.0485510442270805
usa,sale_bev,monthly,vw_cap,1,3708,1847,1988-01-31,-0.0196658847186631
usa,sale_bev,monthly,vw_cap,1,3787,1868,1988-02-29,0.0330383775685547
usa,sale_bev,monthly,vw_cap,1,3767,1878,1988-03-31,0.0187668766893098
usa,sale_bev,monthly,vw_cap,1,3730,1864,1988-04-30,0.00636949894817369
usa,sale_bev,monthly,vw_cap,1,3785,1850,1988-05-31,-0.0156496462004464
usa,sale_bev,monthly,vw_cap,1,3739,1840,1988-06-30,0.00523914936204194
usa,sale_bev,monthly,vw_cap,1,3766,1860,1988-07-31,-0.00440030357748063
usa,sale_bev,monthly,vw_cap,1,3700,1796,1988-08-31,-0.0112649273921255
usa,sale_bev,monthly,vw_cap,1,3657,1788,1988-09-30,0.0142816884233905
usa,sale_bev,monthly,vw_cap,1,3615,1784,1988-10-31,0.00216969116722319
usa,sale_bev,monthly,vw_cap,1,3699,1807,1988-11-30,-0.013060150038877
usa,sale_bev,monthly,vw_cap,1,3660,1784,1988-12-31,0.0141894055154493
usa,sale_bev,monthly,vw_cap,1,3652,1764,1989-01-31,-0.000201843693634546
usa,sale_bev,monthly,vw_cap,1,3635,1745,1989-02-28,-0.00275602439586299
usa,sale_bev,monthly,vw_cap,1,3627,1742,1989-03-31,0.00487344586923203
usa,sale_bev,monthly,vw_cap,1,3594,1727,1989-04-30,0.00906953326988884
usa,sale_bev,monthly,vw_cap,1,3575,1705,1989-05-31,0.0017247230034295
usa,sale_bev,monthly,vw_cap,1,3540,1687,1989-06-30,-0.033094686368783
usa,sale_bev,monthly,vw_cap,1,3523,1672,1989-07-31,0.0114214604048073
usa,sale_bev,monthly,vw_cap,1,3517,1673,1989-08-31,0.0126453067167765
usa,sale_bev,monthly,vw_cap,1,3530,1668,1989-09-30,-0.00535263965823176
usa,sale_bev,monthly,vw_cap,1,3493,1636,1989-10-31,-0.00305099357088131
usa,sale_bev,monthly,vw_cap,1,3527,1633,1989-11-30,-0.00956217492512881
usa,sale_bev,monthly,vw_cap,1,3520,1631,1989-12-31,-0.00438784026502227
usa,sale_bev,monthly,vw_cap,1,3516,1631,1990-01-31,0.00304567356218199
usa,sale_bev,monthly,vw_cap,1,3555,1635,1990-02-28,0.00595907820501363
usa,sale_bev,monthly,vw_cap,1,3548,1645,1990-03-31,0.0391086284117941
usa,sale_bev,monthly,vw_cap,1,3541,1634,1990-04-30,0.0250010824204658
usa,sale_bev,monthly,vw_cap,1,3603,1661,1990-05-31,0.0164499195212303
usa,sale_bev,monthly,vw_cap,1,3600,1660,1990-06-30,0.0206188423750946
usa,sale_bev,monthly,vw_cap,1,3565,1644,1990-07-31,-0.0154837062776378
usa,sale_bev,monthly,vw_cap,1,3565,1658,1990-08-31,-0.0235051706356844
usa,sale_bev,monthly,vw_cap,1,3559,1639,1990-09-30,-0.0198261686733682
usa,sale_bev,monthly,vw_cap,1,3546,1611,1990-10-31,-0.00273343432723806
usa,sale_bev,monthly,vw_cap,1,3557,1589,1990-11-30,0.0283332274689795
usa,sale_bev,monthly,vw_cap,1,3564,1627,1990-12-31,0.0241135145918449
usa,sale_bev,monthly,vw_cap,1,3559,1628,1991-01-31,0.0550551980219212
usa,sale_bev,monthly,vw_cap,1,3567,1618,1991-02-28,0.008962942809303
usa,sale_bev,monthly,vw_cap,1,3565,1600,1991-03-31,0.0313494943595265
usa,sale_bev,monthly,vw_cap,1,3532,1580,1991-04-30,-0.0115519691891227
usa,sale_bev,monthly,vw_cap,1,3527,1574,1991-05-31,0.0014235515811185
usa,sale_bev,monthly,vw_cap,1,3520,1572,1991-06-30,-0.00361794720626998
usa,sale_bev,monthly,vw_cap,1,3560,1588,1991-07-31,0.00377449692060042
usa,sale_bev,monthly,vw_cap,1,3579,1600,1991-08-31,-0.00133479228007171
usa,sale_bev,monthly,vw_cap,1,3580,1604,1991-09-30,-0.0213624296729588
usa,sale_bev,monthly,vw_cap,1,3573,1585,1991-10-31,-0.00690410929695925
usa,sale_bev,monthly,vw_cap,1,3585,1607,1991-11-30,0.00394313408882473
usa,sale_bev,monthly,vw_cap,1,3602,1615,1991-12-31,0.0352876654535196
usa,sale_bev,monthly,vw_cap,1,3577,1613,1992-01-31,0.0217106328151683
usa,sale_bev,monthly,vw_cap,1,3563,1630,1992-02-29,0.0175532567874664
usa,sale_bev,monthly,vw_cap,1,3561,1625,1992-03-31,-0.00783523755901568
usa,sale_bev,monthly,vw_cap,1,3583,1639,1992-04-30,-0.0364929270480259
usa,sale_bev,monthly,vw_cap,1,3673,1636,1992-05-31,-0.014988157429555
usa,sale_bev,monthly,vw_cap,1,3656,1615,1992-06-30,-0.0295143119856622
usa,sale_bev,monthly,vw_cap,1,3682,1605,1992-07-31,-8.57946557726447e-05
usa,sale_bev,monthly,vw_cap,1,3686,1593,1992-08-31,-0.000299820103255757
usa,sale_bev,monthly,vw_cap,1,3650,1592,1992-09-30,0.0225859260212497
usa,sale_bev,monthly,vw_cap,1,3635,1596,1992-10-31,0.0290640199677691
usa,sale_bev,monthly,vw_cap,1,3636,1629,1992-11-30,0.029424272561398
usa,sale_bev,monthly,vw_cap,1,3621,1637,1992-12-31,-0.00433414053776212
usa,sale_bev,monthly,vw_cap,1,3638,1654,1993-01-31,-0.00427540671401064
usa,sale_bev,monthly,vw_cap,1,3658,1657,1993-02-28,-0.0520982920184809
usa,sale_bev,monthly,vw_cap,1,3687,1630,1993-03-31,-0.00682629102434464
usa,sale_bev,monthly,vw_cap,1,3683,1629,1993-04-30,-0.0181422953234302
usa,sale_bev,monthly,vw_cap,1,3775,1639,1993-05-31,0.023302362872505
usa,sale_bev,monthly,vw_cap,1,3794,1654,1993-06-30,-0.0267319776094335
usa,sale_bev,monthly,vw_cap,1,3815,1647,1993-07-31,-0.0173623135724183
usa,sale_bev,monthly,vw_cap,1,3863,1695,1993-08-31,0.00098374186460163
usa,sale_bev,monthly,vw_cap,1,3909,1710,1993-09-30,0.00200861618335227
usa,sale_bev,monthly,vw_cap,1,3903,1694,1993-10-31,0.026461140476417
usa,sale_bev,monthly,vw_cap,1,3974,1752,1993-11-30,0.0320357446876421
usa,sale_bev,monthly,vw_cap,1,4012,1764,1993-12-31,0.00147021671452161
usa,sale_bev,monthly,vw_cap,1,4070,1789,1994-01-31,0.00887743408923764
usa,sale_bev,monthly,vw_cap,1,4109,1821,1994-02-28,0.0484660821665899
usa,sale_bev,monthly,vw_cap,1,4109,1843,1994-03-31,-0.00424534661676097
usa,sale_bev,monthly,vw_cap,1,4127,1833,1994-04-30,-0.0186145566739253
usa,sale_bev,monthly,vw_cap,1,4509,2050,1994-05-31,-0.0127757229769409
usa,sale_bev,monthly,vw_cap,1,4528,2033,1994-06-30,-0.00630336272130973
usa,sale_bev,monthly,vw_cap,1,4559,2049,1994-07-31,-0.00665055763680376
usa,sale_bev,monthly,vw_cap,1,4581,2072,1994-08-31,0.0271490353638911
usa,sale_bev,monthly,vw_cap,1,4579,2077,1994-09-30,0.0101640975650508
usa,sale_bev,monthly,vw_cap,1,4557,2077,1994-10-31,0.0247062392388233
usa,sale_bev,monthly,vw_cap,1,4620,2142,1994-11-30,0.0104136769823992
usa,sale_bev,monthly,vw_cap,1,4629,2158,1994-12-31,0.00987129700382576
usa,sale_bev,monthly,vw_cap,1,4611,2148,1995-01-31,-0.0316252489623389
usa,sale_bev,monthly,vw_cap,1,4658,2138,1995-02-28,0.00387705668886599
usa,sale_bev,monthly,vw_cap,1,4666,2133,1995-03-31,0.0171669758837718
usa,sale_bev,monthly,vw_cap,1,4624,2117,1995-04-30,-0.00370560805488233
usa,sale_bev,monthly,vw_cap,1,4685,2251,1995-05-31,-0.016351012592581
usa,sale_bev,monthly,vw_cap,1,4654,2244,1995-06-30,0.0329622580780941
usa,sale_bev,monthly,vw_cap,1,4639,2241,1995-07-31,0.0267173486898715
usa,sale_bev,monthly,vw_cap,1,4684,2236,1995-08-31,-0.0263448842096744
usa,sale_bev,monthly,vw_cap,1,4746,2229,1995-09-30,-0.00475386175528632
usa,sale_bev,monthly,vw_cap,1,4724,2226,1995-10-31,0.00630546340535563
usa,sale_bev,monthly,vw_cap,1,4751,2235,1995-11-30,0.000696330276072514
usa,sale_bev,monthly,vw_cap,1,4745,2239,1995-12-31,-0.0321780223772179
usa,sale_bev,monthly,vw_cap,1,4773,2197,1996-01-31,-0.0270540606014362
usa,sale_bev,monthly,vw_cap,1,4769,2214,1996-02-29,0.0279187294998507
usa,sale_bev,monthly,vw_cap,1,4737,2205,1996-03-31,0.00303495825022646
usa,sale_bev,monthly,vw_cap,1,4759,2215,1996-04-30,0.0495062044408363
usa,sale_bev,monthly,vw_cap,1,4835,2257,1996-05-31,0.0171302036277265
usa,sale_bev,monthly,vw_cap,1,4829,2283,1996-06-30,-0.0376975012597652
usa,sale_bev,monthly,vw_cap,1,4875,2256,1996-07-31,-0.033058444440781
usa,sale_bev,monthly,vw_cap,1,4973,2273,1996-08-31,0.00879794553127617
usa,sale_bev,monthly,vw_cap,1,4957,2279,1996-09-30,0.0304319662676305
usa,sale_bev,monthly,vw_cap,1,4968,2284,1996-10-31,-0.0406151631996103
usa,sale_bev,monthly,vw_cap,1,5055,2303,1996-11-30,0.00963453975024937
usa,sale_bev,monthly,vw_cap,1,5065,2320,1996-12-31,0.00113472491727034
usa,sale_bev,monthly,vw_cap,1,5039,2331,1997-01-31,-0.00329958238446692
usa,sale_bev,monthly,vw_cap,1,5065,2343,1997-02-28,-0.0338292984056544
usa,sale_bev,monthly,vw_cap,1,5103,2313,1997-03-31,0.00631052282866653
usa,sale_bev,monthly,vw_cap,1,5107,2295,1997-04-30,0.00622829783008327
usa,sale_bev,monthly,vw_cap,1,5179,2323,1997-05-31,0.037466164623589
usa,sale_bev,monthly,vw_cap,1,5159,2358,1997-06-30,-0.00752394695710846
usa,sale_bev,monthly,vw_cap,1,5136,2351,1997-07-31,0.0158637649163382
usa,sale_bev,monthly,vw_cap,1,5141,2360,1997-08-31,0.0114536201415572
usa,sale_bev,monthly,vw_cap,1,5153,2372,1997-09-30,-0.0207238516765574
usa,sale_bev,monthly,vw_cap,1,5133,2364,1997-10-31,-0.0227098647093804
usa,sale_bev,monthly,vw_cap,1,5167,2363,1997-11-30,0.000183771316892041
usa,sale_bev,monthly,vw_cap,1,5166,2382,1997-12-31,-0.0477574721337307
usa,sale_bev,monthly,vw_cap,1,5101,2317,1998-01-31,0.0325824195933137
usa,sale_bev,monthly,vw_cap,1,5055,2306,1998-02-28,0.0301265012131617
usa,sale_bev,monthly,vw_cap,1,5063,2332,1998-03-31,-0.0148701808043502
usa,sale_bev,monthly,vw_cap,1,5024,2295,1998-04-30,0.00699490882728613
usa,sale_bev,monthly,vw_cap,1,4962,2275,1998-05-31,0.00377334951610569
usa,sale_bev,monthly,vw_cap,1,4985,2275,1998-06-30,0.0118589996511786
usa,sale_bev,monthly,vw_cap,1,4966,2264,1998-07-31,-0.00644543228245523
usa,sale_bev,monthly,vw_cap,1,4972,2251,1998-08-31,-0.00707078089828778
usa,sale_bev,monthly,vw_cap,1,4967,2228,1998-09-30,-0.00932850961483379
usa,sale_bev,monthly,vw_cap,1,4910,2198,1998-10-31,0.0126353318449177
usa,sale_bev,monthly,vw_cap,1,4803,2187,1998-11-30,0.0525900550215962
usa,sale_bev,monthly,vw_cap,1,4791,2212,1998-12-31,0.0372764748524716
usa,sale_bev,monthly,vw_cap,1,4744,2207,1999-01-31,0.0278318905786337
usa,sale_bev,monthly,vw_cap,1,4645,2167,1999-02-28,-0.0234885799920171
usa,sale_bev,monthly,vw_cap,1,4611,2154,1999-03-31,-0.0121353602436052
usa,sale_bev,monthly,vw_cap,1,4505,2086,1999-04-30,-0.0459042234998202
usa,sale_bev,monthly,vw_cap,1,4596,2086,1999-05-31,0.0218505445876638
usa,sale_bev,monthly,vw_cap,1,4560,2064,1999-06-30,0.031647242463259
usa,sale_bev,monthly,vw_cap,1,4581,2082,1999-07-31,-0.00642698092953604
usa,sale_bev,monthly,vw_cap,1,4539,2042,1999-08-31,0.0115491802921333
usa,sale_bev,monthly,vw_cap,1,4540,2054,1999-09-30,0.0122226922868086
usa,sale_bev,monthly,vw_cap,1,4476,2053,1999-10-31,-0.00837517234020915
usa,sale_bev,monthly,vw_cap,1,4488,2085,1999-11-30,0.0856380356246897
usa,sale_bev,monthly,vw_cap,1,4422,2100,1999-12-31,0.0542461449124907
usa,sale_bev,monthly,vw_cap,1,4394,2122,2000-01-31,-0.0358569061196638
usa,sale_bev,monthly,vw_cap,1,4441,2129,2000-02-29,0.101387593948909
usa,sale_bev,monthly,vw_cap,1,4461,2168,2000-03-31,-0.0137557136713496
usa,sale_bev,monthly,vw_cap,1,4401,2141,2000-04-30,-0.0128088108830023
usa,sale_bev,monthly,vw_cap,1,4481,2197,2000-05-31,-0.038169313675569
usa,sale_bev,monthly,vw_cap,1,4470,2142,2000-06-30,0.0579705525824488
usa,sale_bev,monthly,vw_cap,1,4468,2159,2000-07-31,-0.0205656226109719
usa,sale_bev,monthly,vw_cap,1,4558,2161,2000-08-31,-0.00544433382283202
usa,sale_bev,monthly,vw_cap,1,4551,2166,2000-09-30,-0.0154127813364784
usa,sale_bev,monthly,vw_cap,1,4516,2149,2000-10-31,0.0339564124077536
usa,sale_bev,monthly,vw_cap,1,4541,2147,2000-11-30,0.00964847394007748
usa,sale_bev,monthly,vw_cap,1,4495,2141,2000-12-31,-0.0329802974545447
usa,sale_bev,monthly,vw_cap,1,4407,2111,2001-01-31,0.0280023426649822
usa,sale_bev,monthly,vw_cap,1,4323,2027,2001-02-28,-0.00562340394686843
usa,sale_bev,monthly,vw_cap,1,4334,2057,2001-03-31,-0.00332318210110848
usa,sale_bev,monthly,vw_cap,1,4323,2055,2001-04-30,0.0352581811982828
usa,sale_bev,monthly,vw_cap,1,4287,2018,2001-05-31,0.00424824105519194
usa,sale_bev,monthly,vw_cap,1,4281,2005,2001-06-30,0.024562827478609
usa,sale_bev,monthly,vw_cap,1,4239,1997,2001-07-31,0.016237960187748
usa,sale_bev,monthly,vw_cap,1,4229,1944,2001-08-31,0.0134985897379075
usa,sale_bev,monthly,vw_cap,1,4194,1955,2001-09-30,-0.0300452296643276
usa,sale_bev,monthly,vw_cap,1,4161,1939,2001-10-31,0.0459933126195258
usa,sale_bev,monthly,vw_cap,1,4214,1951,2001-11-30,0.039888764814385
usa,sale_bev,monthly,vw_cap,1,4153,1953,2001-12-31,0.00150018806986945
usa,sale_bev,monthly,vw_cap,1,4132,1936,2002-01-31,0.0468159088623675
usa,sale_bev,monthly,vw_cap,1,4112,1894,2002-02-28,-0.00486584412707775
usa,sale_bev,monthly,vw_cap,1,4091,1921,2002-03-31,-0.00882761025326348
usa,sale_bev,monthly,vw_cap,1,4034,1900,2002-04-30,0.0122800318231991
usa,sale_bev,monthly,vw_cap,1,3997,1889,2002-05-31,-0.00786379987728268
usa,sale_bev,monthly,vw_cap,1,3983,1864,2002-06-30,0.0121688743189089
usa,sale_bev,monthly,vw_cap,1,3989,1859,2002-07-31,-0.0227811229598396
usa,sale_bev,monthly,vw_cap,1,4000,1801,2002-08-31,-0.0188786609677715
usa,sale_bev,monthly,vw_cap,1,3970,1770,2002-09-30,0.00887321181233527
usa,sale_bev,monthly,vw_cap,1,3941,1751,2002-10-31,0.00487766563254102
usa,sale_bev,monthly,vw_cap,1,3880,1718,2002-11-30,0.00477826062672204
usa,sale_bev,monthly,vw_cap,1,3870,1730,2002-12-31,-0.0181898733835338
usa,sale_bev,monthly,vw_cap,1,3854,1725,2003-01-31,-0.0104003049100402
usa,sale_bev,monthly,vw_cap,1,3801,1671,2003-02-28,-0.00588097786897443
usa,sale_bev,monthly,vw_cap,1,3796,1670,2003-03-31,0.0143541678340096
usa,sale_bev,monthly,vw_cap,1,3741,1670,2003-04-30,-0.00236452708761808
usa,sale_bev,monthly,vw_cap,1,3664,1641,2003-05-31,-0.0199530656632988
usa,sale_bev,monthly,vw_cap,1,3619,1631,2003-06-30,0.0172196327209442
usa,sale_bev,monthly,vw_cap,1,3589,1611,2003-07-31,0.0346522236577043
usa,sale_bev,monthly,vw_cap,1,3682,1655,2003-08-31,0.0241834587867359
usa,sale_bev,monthly,vw_cap,1,3648,1651,2003-09-30,-0.0188835347909352
usa,sale_bev,monthly,vw_cap,1,3634,1648,2003-10-31,0.020425259561063
usa,sale_bev,monthly,vw_cap,1,3641,1674,2003-11-30,0.00110169574184492
usa,sale_bev,monthly,vw_cap,1,3630,1662,2003-12-31,-0.0330152923914641
usa,sale_bev,monthly,vw_cap,1,3643,1651,2004-01-31,0.00841085522716559
usa,sale_bev,monthly,vw_cap,1,3640,1682,2004-02-29,0.0016985126744817
usa,sale_bev,monthly,vw_cap,1,3654,1700,2004-03-31,0.00444625901714223
usa,sale_bev,monthly,vw_cap,1,3644,1680,2004-04-30,0.0103307497741133
usa,sale_bev,monthly,vw_cap,1,3634,1685,2004-05-31,-0.000953090192221184
usa,sale_bev,monthly,vw_cap,1,3636,1703,2004-06-30,0.0089734209739216
usa,sale_bev,monthly,vw_cap,1,3628,1687,2004-07-31,-0.0311192991291484
usa,sale_bev,monthly,vw_cap,1,3650,1674,2004-08-31,-0.028387098286486
usa,sale_bev,monthly,vw_cap,1,3652,1662,2004-09-30,-0.00199485898772885
usa,sale_bev,monthly,vw_cap,1,3648,1664,2004-10-31,-0.00350151462267435
usa,sale_bev,monthly,vw_cap,1,3634,1696,2004-11-30,0.0182699598672911
usa,sale_bev,monthly,vw_cap,1,3638,1702,2004-12-31,0.0122952794649124
usa,sale_bev,monthly,vw_cap,1,3625,1721,2005-01-31,0.00455178622823903
usa,sale_bev,monthly,vw_cap,1,3615,1741,2005-02-28,0.00653579588948099
usa,sale_bev,monthly,vw_cap,1,3609,1732,2005-03-31,-6.14785356054665e-05
usa,sale_bev,monthly,vw_cap,1,3596,1735,2005-04-30,-0.0188706725571981
usa,sale_bev,monthly,vw_cap,1,3577,1732,2005-05-31,0.021870941438633
usa,sale_bev,monthly,vw_cap,1,3572,1731,2005-06-30,-0.0149190072571633
usa,sale_bev,monthly,vw_cap,1,3571,1736,2005-07-31,0.00789809499416858
usa,sale_bev,monthly,vw_cap,1,3568,1731,2005-08-31,-0.0112914347146349
usa,sale_bev,monthly,vw_cap,1,3574,1719,2005-09-30,-0.0136876360398708
usa,sale_bev,monthly,vw_cap,1,3570,1717,2005-10-31,0.0161544901880902
usa,sale_bev,monthly,vw_cap,1,3549,1730,2005-11-30,0.0115360121003834
usa,sale_bev,monthly,vw_cap,1,3527,1749,2005-12-31,-0.00436460796168016
usa,sale_bev,monthly,vw_cap,1,3518,1731,2006-01-31,0.00454812049705017
usa,sale_bev,monthly,vw_cap,1,3524,1724,2006-02-28,0.010354766461752
usa,sale_bev,monthly,vw_cap,1,3528,1737,2006-03-31,0.0179880666485828
usa,sale_bev,monthly,vw_cap,1,3528,1731,2006-04-30,-0.0145387442362292
usa,sale_bev,monthly,vw_cap,1,3503,1751,2006-05-31,-0.0130861543101672
usa,sale_bev,monthly,vw_cap,1,3491,1742,2006-06-30,0.00124779136958146
usa,sale_bev,monthly,vw_cap,1,3492,1736,2006-07-31,-0.02672042862264
usa,sale_bev,monthly,vw_cap,1,3566,1747,2006-08-31,0.00475802299451001
usa,sale_bev,monthly,vw_cap,1,3557,1749,2006-09-30,0.0223350265380096
usa,sale_bev,monthly,vw_cap,1,3537,1750,2006-10-31,0.00747144735100293
usa,sale_bev,monthly,vw_cap,1,3522,1745,2006-11-30,-0.00251269242083532
usa,sale_bev,monthly,vw_cap,1,3514,1744,2006-12-31,-0.00282289801264841
usa,sale_bev,monthly,vw_cap,1,3504,1743,2007-01-31,0.0180301155085647
usa,sale_bev,monthly,vw_cap,1,3522,1752,2007-02-28,0.00796388913223634
usa,sale_bev,monthly,vw_cap,1,3499,1738,2007-03-31,0.00189638093558734
usa,sale_bev,monthly,vw_cap,1,3488,1728,2007-04-30,-0.00336914989491553
usa,sale_bev,monthly,vw_cap,1,3429,1694,2007-05-31,0.00388006606206827
usa,sale_bev,monthly,vw_cap,1,3417,1687,2007-06-30,0.00742138267913247
usa,sale_bev,monthly,vw_cap,1,3415,1700,2007-07-31,0.00859929217953771
usa,sale_bev,monthly,vw_cap,1,3409,1697,2007-08-31,0.00927472421546736
usa,sale_bev,monthly,vw_cap,1,3417,1698,2007-09-30,-0.0206964424473295
usa,sale_bev,monthly,vw_cap,1,3398,1699,2007-10-31,0.00313296063127968
usa,sale_bev,monthly,vw_cap,1,3414,1686,2007-11-30,0.0049262859673207
usa,sale_bev,monthly,vw_cap,1,3396,1670,2007-12-31,0.00609772951777657
usa,sale_bev,monthly,vw_cap,1,3382,1660,2008-01-31,-0.0189014476719503
usa,sale_bev,monthly,vw_cap,1,3419,1686,2008-02-29,-0.0138174742014013
usa,sale_bev,monthly,vw_cap,1,3418,1690,2008-03-31,0.00513263979750743
usa,sale_bev,monthly,vw_cap,1,3387,1675,2008-04-30,-0.00887372579466658
usa,sale_bev,monthly,vw_cap,1,3349,1627,2008-05-31,0.00618131225826678
usa,sale_bev,monthly,vw_cap,1,3349,1626,2008-06-30,-0.0161325673529351
usa,sale_bev,monthly,vw_cap,1,3348,1624,2008-07-31,0.0345809847685179
usa,sale_bev,monthly,vw_cap,1,3326,1610,2008-08-31,0.021003165443446
usa,sale_bev,monthly,vw_cap,1,3296,1591,2008-09-30,-0.00593484016174542
usa,sale_bev,monthly,vw_cap,1,3261,1580,2008-10-31,-0.0116571047771105
usa,sale_bev,monthly,vw_cap,1,3277,1573,2008-11-30,-0.006578680742543
usa,sale_bev,monthly,vw_cap,1,3277,1570,2008-12-31,0.0419134502621066
usa,sale_bev,monthly,vw_cap,1,3243,1568,2009-01-31,0.0260459926473841
usa,sale_bev,monthly,vw_cap,1,3243,1563,2009-02-28,0.0205127356127548
usa,sale_bev,monthly,vw_cap,1,3223,1542,2009-03-31,0.0201325222335113
usa,sale_bev,monthly,vw_cap,1,3189,1518,2009-04-30,0.0200910568568941
usa,sale_bev,monthly,vw_cap,1,3158,1528,2009-05-31,-0.0461126581172016
usa,sale_bev,monthly,vw_cap,1,3148,1536,2009-06-30,0.0226193671369549
usa,sale_bev,monthly,vw_cap,1,3147,1532,2009-07-31,0.00783168331519749
usa,sale_bev,monthly,vw_cap,1,3116,1511,2009-08-31,-0.00182298185006156
usa,sale_bev,monthly,vw_cap,1,3124,1523,2009-09-30,-0.00405327212586384
usa,sale_bev,monthly,vw_cap,1,3117,1507,2009-10-31,0.0124651036448122
usa,sale_bev,monthly,vw_cap,1,3103,1519,2009-11-30,-0.0104787632211734
usa,sale_bev,monthly,vw_cap,1,3095,1518,2009-12-31,0.0136347416891202
usa,sale_bev,monthly,vw_cap,1,3084,1509,2010-01-31,0.00353855912917314
usa,sale_bev,monthly,vw_cap,1,3076,1532,2010-02-28,0.0137829351086434
usa,sale_bev,monthly,vw_cap,1,3062,1530,2010-03-31,0.0101029716738216
usa,sale_bev,monthly,vw_cap,1,3056,1520,2010-04-30,-0.0147102211623315
usa,sale_bev,monthly,vw_cap,1,3033,1478,2010-05-31,0.0150557803265747
usa,sale_bev,monthly,vw_cap,1,3019,1489,2010-06-30,-0.0226345935847472
usa,sale_bev,monthly,vw_cap,1,2993,1459,2010-07-31,0.000631748323112053
usa,sale_bev,monthly,vw_cap,1,2978,1449,2010-08-31,-0.0167588147463046
usa,sale_bev,monthly,vw_cap,1,2967,1427,2010-09-30,0.0394610822528665
usa,sale_bev,monthly,vw_cap,1,2962,1433,2010-10-31,0.00230343402869797
usa,sale_bev,monthly,vw_cap,1,2951,1426,2010-11-30,0.0243242767667661
usa,sale_bev,monthly,vw_cap,1,2928,1427,2010-12-31,-0.0190622758008682
usa,sale_bev,monthly,vw_cap,1,2919,1426,2011-01-31,-0.00134042107951019
usa,sale_bev,monthly,vw_cap,1,2948,1432,2011-02-28,-0.00309930252796694
usa,sale_bev,monthly,vw_cap,1,2952,1425,2011-03-31,0.011251243882011
usa,sale_bev,monthly,vw_cap,1,2932,1420,2011-04-30,0.01280789882971
usa,sale_bev,monthly,vw_cap,1,2914,1421,2011-05-31,0.00659921346665999
usa,sale_bev,monthly,vw_cap,1,2912,1418,2011-06-30,0.0123390906888961
usa,sale_bev,monthly,vw_cap,1,2890,1408,2011-07-31,-0.0221919689274302
usa,sale_bev,monthly,vw_cap,1,2911,1420,2011-08-31,-0.00308704597367865
usa,sale_bev,monthly,vw_cap,1,2913,1409,2011-09-30,0.024231343000136
usa,sale_bev,monthly,vw_cap,1,2916,1415,2011-10-31,0.0103932516581732
usa,sale_bev,monthly,vw_cap,1,2936,1434,2011-11-30,-0.000659103149512633
usa,sale_bev,monthly,vw_cap,1,2911,1422,2011-12-31,-0.00230726565396531
usa,sale_bev,monthly,vw_cap,1,2905,1412,2012-01-31,0.0249026344340561
usa,sale_bev,monthly,vw_cap,1,2877,1411,2012-02-29,0.00456462837867283
usa,sale_bev,monthly,vw_cap,1,2862,1389,2012-03-31,0.0248495025034324
usa,sale_bev,monthly,vw_cap,1,2850,1389,2012-04-30,-0.0075572079605331
usa,sale_bev,monthly,vw_cap,1,2854,1415,2012-05-31,-0.000152921271052306
usa,sale_bev,monthly,vw_cap,1,2832,1404,2012-06-30,-0.0208792806380522
usa,sale_bev,monthly,vw_cap,1,2814,1387,2012-07-31,-0.0189679074346925
usa,sale_bev,monthly,vw_cap,1,2817,1376,2012-08-31,0.0103902444758137
usa,sale_bev,monthly,vw_cap,1,2802,1366,2012-09-30,-0.016675750711961
usa,sale_bev,monthly,vw_cap,1,2780,1355,2012-10-31,-0.0135088696503485
usa,sale_bev,monthly,vw_cap,1,2803,1357,2012-11-30,0.0307666351370968
usa,sale_bev,monthly,vw_cap,1,2807,1357,2012-12-31,0.00127817352924876
usa,sale_bev,monthly,vw_cap,1,2791,1350,2013-01-31,0.00833414175183531
usa,sale_bev,monthly,vw_cap,1,2776,1340,2013-02-28,0.00968078990138989
usa,sale_bev,monthly,vw_cap,1,2783,1366,2013-03-31,0.00133730722177418
usa,sale_bev,monthly,vw_cap,1,2774,1355,2013-04-30,0.00564893148044216
usa,sale_bev,monthly,vw_cap,1,2768,1374,2013-05-31,0.0285424661544461
usa,sale_bev,monthly,vw_cap,1,2781,1368,2013-06-30,0.00485793109176521
usa,sale_bev,monthly,vw_cap,1,2766,1373,2013-07-31,0.0124890424125986
usa,sale_bev,monthly,vw_cap,1,2769,1353,2013-08-31,0.000823087848648596
usa,sale_bev,monthly,vw_cap,1,2755,1357,2013-09-30,0.0142003645297244
usa,sale_bev,monthly,vw_cap,1,2753,1360,2013-10-31,-5.97524930465582e-05
usa,sale_bev,monthly,vw_cap,1,2792,1393,2013-11-30,0.0222247595555676
usa,sale_bev,monthly,vw_cap,1,2789,1389,2013-12-31,-0.000947291000454115
usa,sale_bev,monthly,vw_cap,1,2781,1389,2014-01-31,-0.0108435736640544
usa,sale_bev,monthly,vw_cap,1,2792,1386,2014-02-28,0.00242500661817123
usa,sale_bev,monthly,vw_cap,1,2777,1387,2014-03-31,-0.00601728767366929
usa,sale_bev,monthly,vw_cap,1,2777,1376,2014-04-30,-0.0226970597828548
usa,sale_bev,monthly,vw_cap,1,2774,1381,2014-05-31,0.00714463929484617
usa,sale_bev,monthly,vw_cap,1,2784,1391,2014-06-30,-0.0233959121259384
usa,sale_bev,monthly,vw_cap,1,2792,1387,2014-07-31,0.00809049568212915
usa,sale_bev,monthly,vw_cap,1,2818,1380,2014-08-31,0.0138204645613311
usa,sale_bev,monthly,vw_cap,1,2820,1394,2014-09-30,0.021201749503356
usa,sale_bev,monthly,vw_cap,1,2819,1401,2014-10-31,0.0350652757212955
usa,sale_bev,monthly,vw_cap,1,2850,1422,2014-11-30,0.0471220835366119
usa,sale_bev,monthly,vw_cap,1,2875,1424,2014-12-31,0.0138203071483263
usa,sale_bev,monthly,vw_cap,1,2860,1410,2015-01-31,0.00854689246748145
usa,sale_bev,monthly,vw_cap,1,2857,1397,2015-02-28,0.00837084924067921
usa,sale_bev,monthly,vw_cap,1,2844,1390,2015-03-31,0.0138432121826242
usa,sale_bev,monthly,vw_cap,1,2834,1380,2015-04-30,-0.0361646923728763
usa,sale_bev,monthly,vw_cap,1,2829,1363,2015-05-31,0.0179143040952572
usa,sale_bev,monthly,vw_cap,1,2840,1376,2015-06-30,0.0114702593203067
usa,sale_bev,monthly,vw_cap,1,2840,1380,2015-07-31,0.029494567019541
usa,sale_bev,monthly,vw_cap,1,2859,1418,2015-08-31,-0.00152243880883815
usa,sale_bev,monthly,vw_cap,1,2843,1421,2015-09-30,0.0203153048181609
usa,sale_bev,monthly,vw_cap,1,2827,1398,2015-10-31,-0.00348705464997507
usa,sale_bev,monthly,vw_cap,1,2851,1387,2015-11-30,0.00893530434106187
usa,sale_bev,monthly,vw_cap,1,2838,1383,2015-12-31,0.0161211286911142
usa,sale_bev,monthly,vw_cap,1,2811,1360,2016-01-31,-0.00177032577006195
usa,sale_bev,monthly,vw_cap,1,2798,1356,2016-02-29,0.0139950685490182
usa,sale_bev,monthly,vw_cap,1,2771,1341,2016-03-31,-0.0124369762352421
usa,sale_bev,monthly,vw_cap,1,2756,1330,2016-04-30,-0.056695569020424
usa,sale_bev,monthly,vw_cap,1,2762,1366,2016-05-31,-0.00233819048467469
usa,sale_bev,monthly,vw_cap,1,2752,1350,2016-06-30,-0.00673688789835989
usa,sale_bev,monthly,vw_cap,1,2745,1345,2016-07-31,0.019734484003565
usa,sale_bev,monthly,vw_cap,1,2764,1377,2016-08-31,0.00138309141731632
usa,sale_bev,monthly,vw_cap,1,2744,1366,2016-09-30,-0.0139877342513448
usa,sale_bev,monthly,vw_cap,1,2707,1348,2016-10-31,-0.000597602914376463
usa,sale_bev,monthly,vw_cap,1,2751,1375,2016-11-30,0.0104168603708278
usa,sale_bev,monthly,vw_cap,1,2736,1356,2016-12-31,-0.00842382215768881
usa,sale_bev,monthly,vw_cap,1,2728,1346,2017-01-31,-0.00755356082160742
usa,sale_bev,monthly,vw_cap,1,2750,1358,2017-02-28,0.0166264510830839
usa,sale_bev,monthly,vw_cap,1,2734,1349,2017-03-31,0.0150444564489371
usa,sale_bev,monthly,vw_cap,1,2725,1347,2017-04-30,0.0189145494135551
usa,sale_bev,monthly,vw_cap,1,2688,1344,2017-05-31,0.0216707301143184
usa,sale_bev,monthly,vw_cap,1,2682,1331,2017-06-30,-0.00637945447747466
usa,sale_bev,monthly,vw_cap,1,2684,1340,2017-07-31,-0.00618103810450847
usa,sale_bev,monthly,vw_cap,1,2704,1348,2017-08-31,0.00859194507929514
usa,sale_bev,monthly,vw_cap,1,2696,1346,2017-09-30,0.00702543376051021
usa,sale_bev,monthly,vw_cap,1,2684,1338,2017-10-31,0.00995443139531597
usa,sale_bev,monthly,vw_cap,1,2678,1317,2017-11-30,0.0234320765800924
usa,sale_bev,monthly,vw_cap,1,2678,1326,2017-12-31,0.0026994029484942
usa,sale_bev,monthly,vw_cap,1,2663,1316,2018-01-31,0.0298530334576297
usa,sale_bev,monthly,vw_cap,1,2674,1334,2018-02-28,0.0201628244372566
usa,sale_bev,monthly,vw_cap,1,2671,1332,2018-03-31,-0.0084129033577185
usa,sale_bev,monthly,vw_cap,1,2667,1326,2018-04-30,-0.0183854080744929
usa,sale_bev,monthly,vw_cap,1,2681,1340,2018-05-31,0.0181000530814497
usa,sale_bev,monthly,vw_cap,1,2672,1323,2018-06-30,-0.00446509177580434
usa,sale_bev,monthly,vw_cap,1,2669,1327,2018-07-31,0.00948494229343175
usa,sale_bev,monthly,vw_cap,1,2687,1343,2018-08-31,0.0329920318463954
usa,sale_bev,monthly,vw_cap,1,2684,1338,2018-09-30,0.000193939629539993
usa,sale_bev,monthly,vw_cap,1,2685,1331,2018-10-31,-0.00469600369992562
usa,sale_bev,monthly,vw_cap,1,2683,1335,2018-11-30,0.00740087139288431
usa,sale_bev,monthly,vw_cap,1,2666,1330,2018-12-31,0.00557212651248047
usa,sale_bev,monthly,vw_cap,1,2659,1325,2019-01-31,0.00256313919881122
usa,sale_bev,monthly,vw_cap,1,2667,1324,2019-02-28,0.00751996570878957
usa,sale_bev,monthly,vw_cap,1,2658,1316,2019-03-31,-0.000754951228562058
usa,sale_bev,monthly,vw_cap,1,2655,1311,2019-04-30,0.00211334288208289
usa,sale_bev,monthly,vw_cap,1,2660,1309,2019-05-31,-0.0193236280178794
usa,sale_bev,monthly,vw_cap,1,2668,1323,2019-06-30,0.0133896785881949
usa,sale_bev,monthly,vw_cap,1,2666,1320,2019-07-31,0.0116640303179223
usa,sale_bev,monthly,vw_cap,1,2729,1349,2019-08-31,-0.00750706370593591
usa,sale_bev,monthly,vw_cap,1,2719,1341,2019-09-30,-0.0062569467028545
usa,sale_bev,monthly,vw_cap,1,2711,1334,2019-10-31,0.0178268542691315
usa,sale_bev,monthly,vw_cap,1,2721,1327,2019-11-30,0.0164733337443398
usa,sale_bev,monthly,vw_cap,1,2719,1326,2019-12-31,-0.025166046731593
usa,sale_bev,monthly,vw_cap,1,2698,1324,2020-01-31,0.0036565155751259
usa,sale_bev,monthly,vw_cap,1,2710,1328,2020-02-29,0.00786163875642292
usa,sale_bev,monthly,vw_cap,1,2696,1314,2020-03-31,0.0362075720722155
usa,sale_bev,monthly,vw_cap,1,2667,1294,2020-04-30,0.00499208430370568
usa,sale_bev,monthly,vw_cap,1,2691,1274,2020-05-31,0.0347815939200073
usa,sale_bev,monthly,vw_cap,1,2669,1254,2020-06-30,0.0293824596560309
usa,sale_bev,monthly,vw_cap,1,2669,1265,2020-07-31,0.0158719909267166
usa,sale_bev,monthly,vw_cap,1,2668,1273,2020-08-31,0.0333040542095785
usa,sale_bev,monthly,vw_cap,1,2671,1271,2020-09-30,0.0059006521051698
usa,sale_bev,monthly,vw_cap,1,2664,1264,2020-10-31,-0.00480509093168923
usa,sale_bev,monthly,vw_cap,1,2697,1273,2020-11-30,0.00441407024531537
usa,sale_bev,monthly,vw_cap,1,2695,1280,2020-12-31,0.00331868528593127
usa,sale_bev,monthly,vw_cap,1,2684,1283,2021-01-31,0.00539267864873559
usa,sale_bev,monthly,vw_cap,1,2724,1303,2021-02-28,-0.0120862984335834
usa,sale_bev,monthly,vw_cap,1,2720,1303,2021-03-31,-0.00177294618671366
usa,sale_bev,monthly,vw_cap,1,2709,1293,2021-04-30,0.00671598461180659
usa,sale_bev,monthly,vw_cap,1,2731,1300,2021-05-31,-0.018127700248038
usa,sale_bev,monthly,vw_cap,1,2742,1301,2021-06-30,0.0235313013843813
usa,sale_bev,monthly,vw_cap,1,2734,1311,2021-07-31,0.0187085644415033
usa,sale_bev,monthly,vw_cap,1,2777,1348,2021-08-31,0.00216418126096565
usa,sale_bev,monthly,vw_cap,1,2784,1350,2021-09-30,-0.0240018100940376
usa,sale_bev,monthly,vw_cap,1,2795,1363,2021-10-31,0.0124034423654
usa,sale_bev,monthly,vw_cap,1,2854,1377,2021-11-30,0.0183889281601168
usa,sale_bev,monthly,vw_cap,1,2862,1387,2021-12-31,-0.00283771057646807
usa,sale_bev,monthly,vw_cap,1,2863,1385,2022-01-31,-0.0457764163106155
usa,sale_bev,monthly,vw_cap,1,2882,1381,2022-02-28,-0.00729485023789185
usa,sale_bev,monthly,vw_cap,1,2890,1383,2022-03-31,-0.033445898066168
usa,sale_bev,monthly,vw_cap,1,2890,1390,2022-04-30,-0.00125966865946421
usa,sale_bev,monthly,vw_cap,1,2922,1412,2022-05-31,-0.0227771918026054
usa,sale_bev,monthly,vw_cap,1,2932,1421,2022-06-30,0.0135413866456309
usa,sale_bev,monthly,vw_cap,1,2932,1420,2022-07-31,0.0249728581806496
usa,sale_bev,monthly,vw_cap,1,3009,1452,2022-08-31,-0.00196702305089414
usa,sale_bev,monthly,vw_cap,1,2999,1445,2022-09-30,0.00389583432061726
usa,sale_bev,monthly,vw_cap,1,2986,1446,2022-10-31,0.0233909595652526
usa,sale_bev,monthly,vw_cap,1,3057,1462,2022-11-30,0.013047483516951
usa,sale_bev,monthly,vw_cap,1,3042,1455,2022-12-31,-0.00234469999187793
usa,sale_bev,monthly,vw_cap,1,3024,1433,2023-01-31,0.0149018678691615
usa,sale_bev,monthly,vw_cap,1,3019,1413,2023-02-28,0.0222984418150794
usa,sale_bev,monthly,vw_cap,1,3016,1411,2023-03-31,0.0232069709259634
usa,sale_bev,monthly,vw_cap,1,2993,1391,2023-04-30,-0.00973354371364644
usa,sale_bev,monthly,vw_cap,1,2992,1402,2023-05-31,0.016511021057345
usa,sale_bev,monthly,vw_cap,1,2998,1402,2023-06-30,0.0231117842063569
usa,sale_bev,monthly,vw_cap,1,2999,1402,2023-07-31,-0.0078599552149206
usa,sale_bev,monthly,vw_cap,1,3036,1438,2023-08-31,0.0241258023395198
usa,sale_bev,monthly,vw_cap,1,3027,1425,2023-09-30,0.0106230630855815
usa,sale_bev,monthly,vw_cap,1,3021,1419,2023-10-31,0.00778688746117742
usa,sale_bev,monthly,vw_cap,1,3016,1417,2023-11-30,0.00836844735087322
usa,sale_bev,monthly,vw_cap,1,3013,1415,2023-12-31,-0.010715449396359
